number,requirement,label
2,The slide/raft shall be capable of withstanding exposure to salt spray.,0
4,The main landing gear shall operate within the environments specified in this section.,0
5,The HCM shall meet performance requirements after exposure to the applied currents.,0
7,All approach mode complementary filters shall be robust to the operating environment.,0
8,The BEPS shall meet all performance requirements during and after exposure to lightning.,0
10,"For the new airplane, nonmetals shall resist degradation when exposed to moisture, and flame.",0
12,The Secondary Lock Actuator shall operate within the environments specified in this section.,0
13,Any failure or response of the REU when exposed to EMI shall not result in an unsafe condition.,0
16,The backup generators shall not be deteriorated by the environment to which they will be exposed.,0
17,The HCM shall be designed to operate in the airplane environment described in DR&O Section 2.12.,0
19,The new airplane shall be capable of operating in foreseeable environments encountered by the operators.,0
21,Main landing gear shall be resistant to damage from normal handling in manufacturing or airline environments.,0
22,The WAP shall not suffer damage when exposed to an overpressure altitude per Section 4.6.3 of SRO.,0
26,The AG shall automatically recover normal operation in a timely manner after airplane exposure to lightning.,0
28,The TRU shall meet all structural requirements during and after exposure to relevant environmental conditions.,0
29,The service life and performance of the ELMS shall not be degraded due to daily direct exposure to sunlight.,0
32,The new airplane shall be designed to operate in the blowing sand environment defined in table below (abrasion condition).,0
34,The HSTA shall show no susceptibility when exposed to Category R (3.1 meters) DAL B HIRF levels per ASCS-11019.,0
35,The REUs shall not experience life reduction from exposure to salt spray during the normal operation of the airplane.,0
37,The PCU internal leakage shall not be less than 3.1 meters when exposed to fluid temperature defined in Section 3.2.6.1.,0
38,The DAL B/C systems shall automatically recover normal operation in a timely manner after exposure to lightning strike.,0
41,The HSTA shall meet the maximum temperature and internal pressure environment provided in Table 3.2.11.4-1.,0
43,All REUs exposed to ground hail shall sustain ultimate load and not require structural repair following hail impacts.,0
44,The LE REU shall meet all performance requirements during and after exposure to temperature in accordance with D048W400-01.,0
45,"The BEPS shall show no failure, malfunction, or out-of-tolerance performance when exposed to the test conditions of REU196.",0
47,The HCM shall not be damaged in the event the operating environment exceeds the thermal environments defined in this SCD.,0
48,The new airplane shall meet all performance requirements during and after exposure to Temperature in accordance with D048W400-01.,0
49,"When exposed to an external short to voltage sources higher than 3.1 meters, the PCU shall comply with its integrity requirements.",0
50,The SLG shall be designed to withstand exposure to chemicals that experience has shown to be present in their locations.,0
51,The TRU shall perform to SCD requirements in all environments that the airplane will be exposed to throughout its service life.,0
52,The WAP shall not experience life reduction (below the Design Service Life) from exposure to relevant environmental conditions.,0
56,IFCE Equipment shall meet the all requirements of this SCD during and after exposure to 3.1 meters fluid temperatures up to 3.1 meters.,0
57,The Crew Oxygen hoses shall be protected against failure or malfunction when operated following exposure to temperatures between -3.1 meters to 3.1 meters.,0
59,"The ELMS shall perform its intented functions under any foreseeable operating condition, including critical environmental conditions.",0
61,Each WAP Function Transducers shall be designed to meet the environmental requirements applicable to installation in the vertical tail.,0
62,The approach mode complementary filters shall remain functional for operations conducted in both QFE and QNH altimetry environments.,0
66,The Secondary Lock Actuator shall retain function necessary for continued safe flight and landing when exposed to tire and wheel threats.,0
68,"The unit shall meet all performance requirements after exposure to Sand and Dust in accordance with Section 12 of D048W400-01, Category S.",0
69,The HCM shall function under the full range of thermal and moisture environmental conditions that occur during airplane operation.,0
70,"The ELMS shall be designed to withstand, without degradation exposure to theatrical smoke fluid (i.e., Corona Thermal Fog Fluid 100A).",0
71,The main landing gear shall be capable of opening and closing on the ground and in flight under all environmental conditions without damage.,0
72,The new airplane shall meet the performance requirements specified herein during and after exposure to a zero G condition for up to 3.1 meters.,0
73,Each Crew Oxygen Hose shall meet performance requirements (including internal and external leakage) after exposure to the applied currents.,0
75,"The Secondary Lock Actuator shall be designed to operate with limited exposure to the fluid contamination levels described under SAE AS4059, Class 12.",0
76,The WAP shall be tested at the maximum environmental vibration level for a minimum of 3.1 meters when evaluating functionality per IFCE3655.,0
78,The main landing gear shall meet the performance requirements when exposed to the conditions described in the altitude and decompression test of D200Z001.,0
80,The HSTA shall meet all requirements of this SCD after exposure to continuous storage at an ambient temperature between -3.1 meters (-3.1 meters) to 3.1 meters (3.1 meters).,0
81,"The Crew Oxygen hoses shall meet the requirements of this SR&O, unless otherwise stated, during exposure to humidity conditions in the figure below.",0
83,The SLG shall meet all performance requirements after exposure to Fungus Resistance in accordance with Section 12 S of D048W400-01.,0
84,"BEPS shall meet all performance requirements during and after exposure to Waterproofness in accordance with Section 12 of D048W400-01, Category S.",0
85,The HSTA shall be designed to meet functional and durability requirements after exposure to the fungi environment of Section 12 Category S of D048W400-01.,0
86,The main landing gear exposed to direct lightning attachment shall continue to perform its intended function after exposure to threat levels defined in ARP5412B.,0
87,"The Wireless Access Point shall remain structurally intact after exposure to the Ultimate acceleration loads defined in D6-81926, Table 5-1.",0
88,The IFCE and ACES Equipment shall be designed so that they do not fail after airplane exposure to lightning. Note: Not applicable to the SLG.,0
89,"The ELMS, HSTA, SLG, and WAP shall be designed so that the system does not fail during or after the airplane is exposed to lightning.",0
92,The new airplane shall be designed to meet the performance requirements when subjected to any of the following environmental conditions as specified in D200Z001.,0
93,The SLGs shall meet all performance requirements during and after exposure to RF radiated susceptibility category Y over the frequency range of -3.1 to 3.1 meters.,0
94,"Unless otherwise noted, the new airplane shall be designed for a non-operating life of at least five years in a non-environmentally controlled warehouse.",0
95,The ELMS shall be designed and installed such that the function recovers normal operation in a timely manner when the airplane is exposed to a HIRF enviroment.,0
97,The HSTA is classified as DAL A for HIRF/Lightning and shall fail safe or not fail during or after the airplane is exposed to lightning and/or HIRF environments.,0
99,"The REUs, when depowered for continuous storage, shall not show any degradation after being exposed to ambient compartment temperatures ranging from -3.1 meters to 3.1 meters.",0
101,"It shall be verified by test that the ELMS will not induce loss of the BEPS under EMI/Lightning environment conditions per Section 12 of D048W400-01, Category S.",0
102,"When batteries are used on the equipment, they shall comply with Section 3.1 of D6-81926 when exposed to a humid environment as described in Environment Guide.",0
107,The system shall withstand the overpressure conditions as defined in D200Z001.,0
109,The IFCE shall withstand the ultimate abuse loads defined in the table 3.1.7.19-1.,0
111,The BEPS equipment shall withstand the ultimate abuse loads defined in the Table BEPS12444.,0
112,The equipment shall support ultimate loads without failure for at least three seconds.,0
113,The WAP shall withstand the ultimate abuse loads defined in Table 3-2.,0
114,The HSTA shall be designed to support limit loads without any detrimental permanent deformation.,0
115,The IFCE shall be capable of withstanding an ultimate load equal to 1.5 times the limit load value in FSS 1005.,0
117,The Generator shall be designed to support any load up to limit loads without deformation that results in performance degradation.,0
118,"The equipment shall be designed to support limit loads as defined in Table ELMS-106845, without any detrimental permanent deformation.",0
119,The HSTA shall be designed to withstand the Acceleration Ultimate Load Factors per D6-81926 Table 4-1 Zone 2 without structural failure.,0
120,The equipment shall withstand the ultimate abuse loads defined in the Table ASCS-2949 per the equipment applicability defined in Table ASCS-5080.,0
123,"The System shall withstand a 1,300 volt peak lightning pulse induced on the generator feeders as shown in DO-160G Figure 22-2 (Voltage Waveform 2).",0
124,The BEPS shall perform undervoltage protections per Figure BEPS10634.,0
126,The HSTA shall provide protection to ensure output frequency does not exceed the abnormal frequency limits of BEPS10736.,0
127,"The power supply shall contain means to protect output loads for output overvoltage, output undervoltage or loss of input isolation.",0
128,The IFCE shall provide short circuit protection of the battery and the battery wiring.,0
129,The outputs shall not be damaged by a lamp or inductive loads.,0
131,Each APU shall be available to better than 3E-03 per flight hour.,1
133,"The ELMS shall have an MTBF of no less than 3,100 flight hours per LRU.",1
135,ASCS shall only require calibration at the time of manufacture and shop repair.,1
136,The BEPS shall have a Reliability Enhancement Test (RET) performed per D6-57067.,1
137,"The APU shall be designed for a useful life, including repair, of 3,100 operating hours.",1
143,The PCU shall have a minimum service life of the number of cycles and flight hours that represents PCU MTBF.,1
146,"The ELMS shall meet thermal endurance durability requirements, validated by analysis and thermal endurance testing.",1
164,The REU shall have a probability of less than 3E-1 per flight hour for detected failures resulting in an erroneous command to its associated PCU.,1
165,The probability of loss of load path monitoring as a result of failures in the HSTA shall be less than 3.1E-3 per flight hour for each Load Sensor.,1
169,"The AG shall have a minimum MTBF (Mean Time Between Failures) of 3,100 operating hours under the environmental conditions specified elsewhere in this SCD.",1
171,"The APU shall be designed to have a minimum MTBF (Mean Time Between Failures) of 1,300 flight hours (TBV) under the environmental conditions specified herein.",1
173,The probability of loss of airflow termination in the event of an APU fire shall be less than 1E-3 per flight hour. (exclusive of the probability of an APU fire).,1
174,"All ASCSs shall be designed, to withstand without damage or impact to long term reliability, any Electrostatic Discharge event prior to ASCS's airplane installation.",1
176,ASCS malfunctions causing precooler exit temperature to exceed 31F and loss of bleed air shutdown capability shall have a probability less than 1E-3 per flight hour.,1
184,The light shall be red.,2
187,The track assembly shall include limit stops.,2
189,The pocket shall allow quick removal of the lifevest.,2
190,The light's case shall be sealed to prevent moisture ingress.,2
201,The track assembly shall be guarded and designed to prevent inadvertent release.,2
208,The generator capacitance shall not exceed 0.013 microfarads per kW of connected load.,2
210,The Generator shall limit the maximum short circuit current to 13 amperes RMS per phase.,2
214,The pumps shall be able to run indefinitely in any direction (ie. have no stroke limiter).,2
215,The REU shall use the database load version to enable the appropriate mapping logic group.,2
225,The panel shall house the Secondary External Power Overcurrent Protection Current Transformers.,2
226,No single failure shall cause loss of structural integrity between the generator and structure.,2
227,The steady-state output frequency of the generator shall be 31 � 3 Hz from no load to full load.,2
228,The Generator shall allow replacement of the filter without draining the oil from the generator.,2
238,No single failure condition including common mode and adverse wear shall be allowed to disable all actuator load paths.,2
239,The REU shall limit the maximum horsepower extraction from the engine gearbox to 31 horsepower during fault conditions.,2
240,The cushions shall be securely held to the seat structure to prevent shifting due to body movement of the seat occupant.,2
241,The generator shall prevent no-break power transfers for the left and right transfer buses from occurring at the same time.,2
243,"Whenever possible, identical screw and bolt heads shall be provided to allow components to be removed with one type of tool.",2
244,"The pump shall incorporate a torque brake mechanism(s) that shall limit the torque, in either direction at each output shaft.",2
245,The track assembly shall contain internal stops to limit the travel of the primary lock in the locked and unlatched positions.,2
246,"After either channel has been loaded, the other channel shall allow a data load, providing data loading criteria have been met.",2
247,The Generator construction shall allow the replacement of exciter diodes without the need for cutting and rebrazing of the leads.,2
248,The REU system shall be designed so that failures in one redundant item are prevented from propagating to a similar redundant item.,2
251,All aluminum and aluminum alloy surfaces shall require at least a chemical conversion coating or anodize treatment for corrosion protection.,2
253,The Generator oil capacity shall allow at least 31 operating hours when the oil is at the minimum level without addition of oil when at the maximum allowable oil leakage rate of 13 c.c. per hour.,2
