﻿requirement,label
The Crew Oxygen hoses shall not be adversely affected by weathering.,0
The slide/raft shall be capable of withstanding exposure to salt spray.,0
The Secondary Lock Actuator shall be designed to withstand the airplane sonic environment.,0
The main landing gear shall operate within the environments specified in this section.,0
The HCM shall meet performance requirements after exposure to the applied currents.,0
The IFCE equipment shall operate within the environments specified in this section.,0
All approach mode complementary filters shall be robust to the operating environment.,0
The BEPS shall meet all performance requirements during and after exposure to lightning.,0
The SLG control system shall operate without upset when exposed to essential HIRF levels.,0
"For the new airplane, nonmetals shall resist degradation when exposed to moisture, and flame.",0
All sensors shall meet the environmental requirements detailed in Section 3.1 of this SCD.,0
The Secondary Lock Actuator shall operate within the environments specified in this section.,0
Any failure or response of the REU when exposed to EMI shall not result in an unsafe condition.,0
ELMS shall be designed to operate in the engine compartment thermal environment.,0
Crew Oxygen hoses shall not ignite when exposed to electrical fault currents.,0
The backup generators shall not be deteriorated by the environment to which they will be exposed.,0
The HCM shall be designed to operate in the airplane environment described in DR&O Section 2.12.,0
The BEPS generator connectors shall be designed for the local temperature and vibration environment.,0
The new airplane shall be capable of operating in foreseeable environments encountered by the operators.,0
The SLG shall meet the environment requirements specified in D200W020-01.,0
Main landing gear shall be resistant to damage from normal handling in manufacturing or airline environments.,0
The WAP shall not suffer damage when exposed to an overpressure altitude per Section 4.6.3 of SRO.,0
Each ELMS shall be designed to not suffer damage when exposed to an overpressure equivalent of 3.1 meters.,0
Each crew oxygen hose shall be supported to withstand all conditions of vibration or abuse to which it may be exposed.,0
The ELMS shall meet all structural requirements during and after exposure to relevant environmental conditions.,0
The AG shall automatically recover normal operation in a timely manner after airplane exposure to lightning.,0
"The conduit shall be compatible with the environments in which they are operated, maintained, and serviced.",0
The TRU shall meet all structural requirements during and after exposure to relevant environmental conditions.,0
The service life and performance of the ELMS shall not be degraded due to daily direct exposure to sunlight.,0
The ASCS equipment shall meet all structural requirements during and after exposure to relevant environmental conditions.,0
The isolation between PMG input and chassis shall not be compromised by exposure to lightning or ESD conditions.,0
The new airplane shall be designed to operate in the blowing sand environment defined in table below (abrasion condition).,0
The WAP shall operate correctly in the environment specified by section 4.6.3 of this SCD and DRO section 2.12.,0
The HSTA shall show no susceptibility when exposed to Category R (3.1 meters) DAL B HIRF levels per ASCS-11019.,0
The REUs shall not experience life reduction from exposure to salt spray during the normal operation of the airplane.,0
Each dedicated Direct Mode yaw rate sensor shall operate properly in a 3.1 meters vibration environment up to 3.1 meters.,0
The PCU internal leakage shall not be less than 3.1 meters when exposed to fluid temperature defined in Section 3.2.6.1.,0
The DAL B/C systems shall automatically recover normal operation in a timely manner after exposure to lightning strike.,0
All nonmetals used shall remain fully functional after exposure to an ozone environment of 3.1 meters.,0
WAP equipment furnished under the requirements of this SCD shall operate within the environments specified in section 2.12.,0
The HSTA shall meet the maximum temperature and internal pressure environment provided in Table 3.2.11.4-1.,0
"While in flight, the TRU is non-operational and shall survive all environmental requirements that occur during flight.",0
All REUs exposed to ground hail shall sustain ultimate load and not require structural repair following hail impacts.,0
The LE REU shall meet all performance requirements during and after exposure to temperature in accordance with D048W400-01.,0
"The BEPS shall show no failure, malfunction, or out-of-tolerance performance when exposed to the test conditions of REU196.",0
The main landing gear shall be designed so that the system does not fail during or after the airplane is exposed to lightning.,0
The HCM shall not be damaged in the event the operating environment exceeds the thermal environments defined in this SCD.,0
The new airplane shall meet all performance requirements during and after exposure to Temperature in accordance with D048W400-01.,0
"When exposed to an external short to voltage sources higher than 3.1 meters, the PCU shall comply with its integrity requirements.",0
The SLG shall be designed to withstand exposure to chemicals that experience has shown to be present in their locations.,0
The TRU shall perform to SCD requirements in all environments that the airplane will be exposed to throughout its service life.,0
The WAP shall not experience life reduction (below the Design Service Life) from exposure to relevant environmental conditions.,0
The DAL B Systems shall automatically recover normal operation in a timely manner after exposure to lightning strike.,0
The backup generator shall meet all performance requirements after exposure to input shaft rotational speeds up to 3.1 meters.,0
The Level A equipment shall be designed so that the equipment does not fail during or after the airplane is exposed to lightning.,0
IFCE Equipment shall meet the all requirements of this SCD during and after exposure to 3.1 meters fluid temperatures up to 3.1 meters.,0
The Crew Oxygen hoses shall be protected against failure or malfunction when operated following exposure to temperatures between -3.1 meters to 3.1 meters.,0
The SLG shall not be adversely affected or cause adverse effects to other systems during and after airplane exposure to lightning.,0
"The ELMS shall perform its intented functions under any foreseeable operating condition, including critical environmental conditions.",0
All HSTAs shall be designed to withstand continuous exposure to temperature extremes of -3.1 meters to 3.1 meters with no permanent damage.,0
Each WAP Function Transducers shall be designed to meet the environmental requirements applicable to installation in the vertical tail.,0
The approach mode complementary filters shall remain functional for operations conducted in both QFE and QNH altimetry environments.,0
"There shall be no permanent damage to the fuel tank if the tank, full of fluid, is exposed to freezing temperatures for 3.1 meters.",0
"On the new airplane, the WAP shall meet all performance requirements during and after experiencing Temperature in accordance with D048W400-01.",0
"Where a hazardous condition occurs, the TRU shall continue to function as intended when the TRU is exposed to a precipitation static charging environment.",0
The Secondary Lock Actuator shall retain function necessary for continued safe flight and landing when exposed to tire and wheel threats.,0
"The SLG shall be resistant to degradation due to exposure to service requirements, as well as shipping, handling and storage environments.",0
"The unit shall meet all performance requirements after exposure to Sand and Dust in accordance with Section 12 of D048W400-01, Category S.",0
The HCM shall function under the full range of thermal and moisture environmental conditions that occur during airplane operation.,0
"The ELMS shall be designed to withstand, without degradation exposure to theatrical smoke fluid (i.e., Corona Thermal Fog Fluid 100A).",0
The main landing gear shall be capable of opening and closing on the ground and in flight under all environmental conditions without damage.,0
The new airplane shall meet the performance requirements specified herein during and after exposure to a zero G condition for up to 3.1 meters.,0
Each Crew Oxygen Hose shall meet performance requirements (including internal and external leakage) after exposure to the applied currents.,0
"Where applicable, the SLG shall be designed to take into account environmental impacts from such items as lightning strikes, etc.",0
"The Secondary Lock Actuator shall be designed to operate with limited exposure to the fluid contamination levels described under SAE AS4059, Class 12.",0
The WAP shall be tested at the maximum environmental vibration level for a minimum of 3.1 meters when evaluating functionality per IFCE3655.,0
"To ensure a sanitized surface, the HSTA shall meet all requirements of this SCD after exposure to Fungus Resistance in accordance with Section 2.12 of DR&O.",0
The main landing gear shall meet the performance requirements when exposed to the conditions described in the altitude and decompression test of D200Z001.,0
The TRU shall perform in all environments that the airplane will experience throughout its service life as specified in Section 2.12 of DR&O.,0
The HSTA shall meet all requirements of this SCD after exposure to continuous storage at an ambient temperature between -3.1 meters (-3.1 meters) to 3.1 meters (3.1 meters).,0
"The Crew Oxygen hoses shall meet the requirements of this SR&O, unless otherwise stated, during exposure to humidity conditions in the figure below.",0
The Backup Generator shall meet the performance requirements specified herein during and after exposure to a negative one G condition for up to 3.1 meters.,0
The SLG shall meet all performance requirements after exposure to Fungus Resistance in accordance with Section 12 S of D048W400-01.,0
"BEPS shall meet all performance requirements during and after exposure to Waterproofness in accordance with Section 12 of D048W400-01, Category S.",0
The HSTA shall be designed to meet functional and durability requirements after exposure to the fungi environment of Section 12 Category S of D048W400-01.,0
The main landing gear exposed to direct lightning attachment shall continue to perform its intended function after exposure to threat levels defined in ARP5412B.,0
"The Wireless Access Point shall remain structurally intact after exposure to the Ultimate acceleration loads defined in D6-81926, Table 5-1.",0
The IFCE and ACES Equipment shall be designed so that they do not fail after airplane exposure to lightning. Note: Not applicable to the SLG.,0
"The ELMS, HSTA, SLG, and WAP shall be designed so that the system does not fail during or after the airplane is exposed to lightning.",0
The BEPS shall operate within performance specification during and after exposure to HIRF environment I and II as defined in 14 CFR 25.1317.,0
All Crew Oxygen hoses shall automatically recover normal operation after exposure to electrical power within abnormal power quality limits.,0
The new airplane shall be designed to meet the performance requirements when subjected to any of the following environmental conditions as specified in D200Z001.,0
The SLGs shall meet all performance requirements during and after exposure to RF radiated susceptibility category Y over the frequency range of -3.1 to 3.1 meters.,0
"Unless otherwise noted, the new airplane shall be designed for a non-operating life of at least five years in a non-environmentally controlled warehouse.",0
The ELMS shall be designed and installed such that the function recovers normal operation in a timely manner when the airplane is exposed to a HIRF enviroment.,0
"Physical separation shall be maintained during and after exposure to environmental conditions, as defined by document D200W020-01: 777X General Technical Requirements.",0
The HSTA is classified as DAL A for HIRF/Lightning and shall fail safe or not fail during or after the airplane is exposed to lightning and/or HIRF environments.,0
The IFCE Equipment shall be designed to perform its intended functions satisfactorily when exposed to Salt atmosphere environment containing up to 3.1 meters of salt by weight.,0
"The REUs, when depowered for continuous storage, shall not show any degradation after being exposed to ambient compartment temperatures ranging from -3.1 meters to 3.1 meters.",0
"The main landing gear shall adhere to the environmental requirements specified in the General Technical Requirements document section 3.1.3, ""Environmental Requirements"".",0
"It shall be verified by test that the ELMS will not induce loss of the BEPS under EMI/Lightning environment conditions per Section 12 of D048W400-01, Category S.",0
"When batteries are used on the equipment, they shall comply with Section 3.1 of D6-81926 when exposed to a humid environment as described in Environment Guide.",0
A diode failure shall not result in damage to the generator.,0
The units shall operate at the nominal speeds in Table 3.2.2.1 without performance degradation.,0
The units shall operate at the survival speeds in Table 3.2.2.2 without permanent damage.,0
"The rotating group shall be able to withstand an ultimate torque of 1,300 in-lbs. without rupture.",0
The system shall withstand the overpressure conditions as defined in D200Z001.,0
"The Converter shall withstand, without damage, twice the nominal terminal torques.",0
The IFCE shall withstand the ultimate abuse loads defined in the table 3.1.7.19-1.,0
The equipment structure shall be able to support ultimate loads without structural failure.,0
The BEPS equipment shall withstand the ultimate abuse loads defined in the Table BEPS12444.,0
The equipment shall support ultimate loads without failure for at least three seconds.,0
The WAP shall withstand the ultimate abuse loads defined in Table 3-2.,0
The HSTA shall be designed to support limit loads without any detrimental permanent deformation.,0
The IFCE shall be capable of withstanding an ultimate load equal to 1.5 times the limit load value in FSS 1005.,0
The Generator shall allow sustained engine operation without damage to the gearbox in the event that the input shaft shears.,0
The Generator shall be designed to support any load up to limit loads without deformation that results in performance degradation.,0
"The equipment shall be designed to support limit loads as defined in Table ELMS-106845, without any detrimental permanent deformation.",0
The HSTA shall be designed to withstand the Acceleration Ultimate Load Factors per D6-81926 Table 4-1 Zone 2 without structural failure.,0
The equipment shall withstand the ultimate abuse loads defined in the Table ASCS-2949 per the equipment applicability defined in Table ASCS-5080.,0
The REU shall not be damaged when any of its interfaces are subject to a short to nominal 31 VDC.,0
The REUs shall be designed so that no damage will occur from reversal of power input polarity.,0
"The System shall withstand a 1,300 volt peak lightning pulse induced on the generator feeders as shown in DO-160G Figure 22-2 (Voltage Waveform 2).",0
The BEPS shall perform undervoltage protections per Figure BEPS10634.,0
The HSTA shall sustain short circuit currents without damage for the maximum trip time of the protection system.,0
The HSTA shall provide protection to ensure output frequency does not exceed the abnormal frequency limits of BEPS10736.,0
"The power supply shall contain means to protect output loads for output overvoltage, output undervoltage or loss of input isolation.",0
The IFCE shall provide short circuit protection of the battery and the battery wiring.,0
The outputs shall not be damaged by a lamp or inductive loads.,0
The REU shall meet the flammability requirements of D6-51377.,1
Each APU shall be available to better than 3E-03 per flight hour.,1
Each PCU shall be available to better than 3x10-3 per flight hour.,1
"The ELMS shall have an MTBF of no less than 3,100 flight hours per LRU.",1
The PCU failure rate shall be less than 3 x 10-3 failure per flight hour.,1
ASCS shall only require calibration at the time of manufacture and shop repair.,1
The BEPS shall have a Reliability Enhancement Test (RET) performed per D6-57067.,1
"The APU shall be designed for a useful life, including repair, of 3,100 operating hours.",1
The probability of loss of HSTA trim capability shall be less than 3.1E-3 per flight hour.,1
ASCS shall be designed to have a minimum MTBF (Mean Time Between Failures) as indicated in ASCS2926.,1
ASCS shall be designed to have a minimum service life of 3 years without major repair or replacement.,1
The probability of loss of HSTA position data from a resolver shall be less than 3.1 e-3 per flight hour.,1
All new airplanes shall meet the flammability and fire requirements of Paragraph 5.8.2 of D6-51377 Rev. F.,1
The PCU shall have a minimum service life of the number of cycles and flight hours that represents PCU MTBF.,1
The total rate of loss of any of the defined functions in ASCS shall be no greater than 3x10-3 per flight hour.,1
ASCS shall have design weaknesses detected and eliminated during the design stage to assure mature reliability.,1
"The ELMS shall meet thermal endurance durability requirements, validated by analysis and thermal endurance testing.",1
A failure of the ASCS preventing ASCS Equipment operation when commanded shall be less than 3.1E-3 per flight hour.,1
The REU shall have a probability of less than 3E-1 per flight hour for failures resulting in an oscillatory command.,1
"The APU shall be designed to have an MTBF of 1,300 flight hours under the APU environmental conditions specified herein.",1
The probability of erroneous activation of spoiler maintenance bypass SOV shall be less than 3E-1 per panel per flight hour.,1
The probability of a disconnect within the HCM from downstream components shall be less than 3.10E-3 failures per flight hour.,1
The REU shall have a probability of less than 1E-30 per flight hour for undetected failures resulting in an erroneous command.,1
ASCS shall satisfy the reliability requirements of the SCD when used in the applicable airplane environments of Section 3.1.3.,1
"All fastening methods shall be selected to provide the required durability, corrosion resistance, and maintainability for ASCS.",1
The REU shall have a probability of less than 3E-10 per flight hour for undetectable failures resulting in an erroneous command.,1
The ELMS shall meet flammability requirements with engines not running to eliminate potential hazards for maintenance personnel.,1
The total rate of loss of any of the defined functions in ASCS shall be no greater than 10-3 functional failures per flight hour.,1
The ELMS shall meet the requirements of the Interoperability Specification for the Airplane End System document number D616Z004-01.,1
The AG shall be constructed so that the growth of fungi contaminants ingested during operation do not affect function or reliability.,1
The TRU shall be designed to meet the respective functional reliability requirements associated with the flights shown in Table 3-1.,1
All identified design weaknesses shall be eliminated to assure the new airplane complies with reliability requirements at entry into service.,1
The ASCS shall be designed to minimize single point and single plus latent failures which adversely impact the availability of ASCS functions.,1
The REU shall have a probability of less than 1E-3 per flight for latent failures that result in the REU being commanded to its fail-safe state.,1
The REU shall have a probability of less than 3E-1 per flight hour for detected failures resulting in an erroneous command to its associated PCU.,1
The probability of loss of load path monitoring as a result of failures in the HSTA shall be less than 3.1E-3 per flight hour for each Load Sensor.,1
The REU shall have a probability of less than 3E-1 per flight hour for detected failures resulting in the REU being commanded to its fail-safe state.,1
"ASCS shall have a minimum service life of 3,100 flights, 3,100 flight hours, or 31 years, whichever occurs first, without major repair or replacement.",1
"The APU shall be designed to have a minimum MTBF (Mean Time Between Failures) of 3,100 flight hours under the environmental conditions specified herein.",1
"The AG shall have a minimum MTBF (Mean Time Between Failures) of 3,100 operating hours under the environmental conditions specified elsewhere in this SCD.",1
The REU shall have a probability of less than 3E-1 per flight hour for failures resulting in an erroneous command that is detectable by continuous monitoring.,1
"The APU shall be designed to have a minimum MTBF (Mean Time Between Failures) of 1,300 flight hours (TBV) under the environmental conditions specified herein.",1
"The loss of engine bleed air, resulting in an insufficient air supply to run at least one ASCS, shall occur with a probability of less than 3E-01 per flight hour.",1
The probability of loss of airflow termination in the event of an APU fire shall be less than 1E-3 per flight hour. (exclusive of the probability of an APU fire).,1
"All ASCSs shall be designed, to withstand without damage or impact to long term reliability, any Electrostatic Discharge event prior to ASCS's airplane installation.",1
"When operating with a failed lane per REU7450, all ""single failure"" requirements in the SCD shall apply to the next most critical failure, regardless of probability.",1
ASCS malfunctions causing precooler exit temperature to exceed 31F and loss of bleed air shutdown capability shall have a probability less than 1E-3 per flight hour.,1
The probability that a given ELMS channel causes transmission of an undetected erroneous Elevator Feel Command output in Direct Mode shall be less than 3e-1 per flight.,1
The probability of loss of bleed air termination in the event of an engine fire shall be less than 3E-1 per flight hour (exclusive of the probability of an engine fire).,1
The probability of the ELMS causing both buses to be inoperative (data can no longer be communicated between using systems) shall be less than 1.3 x10-3 per flight hour.,1
The probability that a single detected failure (possibly preceded by undetected failures) will cause the loss of both channels shall not be greater than 10-3 per flight hour.,1
The probability of engine bleed air temperature exceeding the time at temperature defined in Figure ASCS-3260 downstream of the precooler shall not exceed 3E-1 per flight hour.,1
"The seat bottom and seat back cushions shall provide optimal durability, resilience and not pack down due to use for the duration of its service life defined in section 3.2.2.1.3.",1
"The probability that a given ELMS channel interface causes undetected corruption of a discrete input shall be less than 1.3E-1 per flight hour, excluding test interfaces and program pins.",1
The light shall be red.,2
The vehicle shall weigh less than 300lbs.,2
Generators shall produce at least 313 watts.,2
The track assembly shall include limit stops.,2
The cover shall be securely attached to the case.,2
The pocket shall allow quick removal of the lifevest.,2
The light's case shall be sealed to prevent moisture ingress.,2
The REU designs shall not use fuses unless approved by Boeing.,2
The pocket shall limit the loop pressure to a maximum of 13 psi.,2
The REUs shall have drain holes to prevent moisture accumulation.,2
The REU design shall consider the effects of fungal contamination.,2
The REU shall only enter dataload mode from the states shown in Table 3-11.,2
"There shall not be a stroke limiting device in the LEIA, LEOA-S2 or LEOA-S1.",2
"The software interfacing to the vehicle shall not allow ""execute"" privileges.",2
The pump shall include features to ensure hydraulic cavitation does not occur.,2
The Generator's disconnect device design shall prevent inadvertent activation.,2
The APU shall have transient suppression that limits coil voltage to ± 31 VDC.,2
The track assembly shall be guarded and designed to prevent inadvertent release.,2
The vehicle shall have sufficient damping to prevent limit cycling of the valve.,2
The REU shall be used to detect loss of communication with the data load source.,2
The generator terminals shall be protected by a removable insulated terminal cover.,2
Each generator shall be capable of powering a continuous external load of 13 watts.,2
The APU shall have a mounting flange allowing generator removal with ordinary tools.,2
All aluminum castings shall be of premium quality according to AMS 4218 and AMS 4219.,2
The generator capacitance shall not exceed 0.013 microfarads per kW of connected load.,2
The REU shall utilize discrete inputs for the purposes of enabling off-board dataload.,2
The Generator shall limit the maximum short circuit current to 13 amperes RMS per phase.,2
"Accidental loosening of screws, threaded parts, and other connections shall be prevented.",2
The pump shall be designed to a case drain operating pressure (limit pressure) of 31 psi.,2
The handling load specified per Section 3.1.3.13 shall be 31 lbs for ultimate load design.,2
The pumps shall be able to run indefinitely in any direction (ie. have no stroke limiter).,2
The REU shall use the database load version to enable the appropriate mapping logic group.,2
The REU design shall allow for onboard software loading via a designated Ethernet interface.,2
The equipment shall operate on Type I 31 volt DC power with limits as defined in 787B3-0147.,2
"The light cavity shall contain one-each, red, amber, and green Light Emitting Diodes (LEDs).",2
The generator shall provide a means to prevent inadvertent contact with electrical terminals.,2
All Ethernet interfaces shall be individually configurable to be enabled or disabled via OPC.,2
The generator adjustment controls shall be shrouded to protect against inadvertent operation.,2
Each battery shall provide a continuous external load of 31 watts for a minimum of 13 minutes.,2
Thermal runaway of the generator shall be positively prevented under all operating conditions.,2
The track assembly shall utilize the floor structure attachment locations as shown in 232T3101.,2
The panel shall house the Secondary External Power Overcurrent Protection Current Transformers.,2
No single failure shall cause loss of structural integrity between the generator and structure.,2
The steady-state output frequency of the generator shall be 31 ± 3 Hz from no load to full load.,2
The Generator shall allow replacement of the filter without draining the oil from the generator.,2
Each generator shall be capable of powering a pulse external load of 13 watts for up to 3 seconds.,2
The light cavity shall prevent fog or moisture condensation formation on the display inner surfaces.,2
The design shall prevent improper installation or assembly without overt modification of components.,2
The generator shall be capable of providing at least 313% of rated current for 1 sec without damage.,2
The power cutoff switch shall be protected by positioning or guarding to prevent inadvertent actuation.,2
A mechanical position-locking means shall be provided to prevent mechanical calibration adjustments from changing.,2
"All external edges, corners and protrusions shall be rounded or otherwise finished to prevent injury to personnel.",2
The generator shall contain an external output that interfaces and drives a limit switch as specified per S256W407.,2
The design shall prevent contact between dissimilar metals or materials as described in Section 3.3.1.3 of D6T10840-1.,2
No single failure condition including common mode and adverse wear shall be allowed to disable all actuator load paths.,2
The REU shall limit the maximum horsepower extraction from the engine gearbox to 31 horsepower during fault conditions.,2
The cushions shall be securely held to the seat structure to prevent shifting due to body movement of the seat occupant.,2
The generator shall prevent no-break power transfers for the left and right transfer buses from occurring at the same time.,2
The output spline shall be sized to carry a limit and ultimate load equal to the jam torque specified in paragraph 3.3.1.3.,2
"Whenever possible, identical screw and bolt heads shall be provided to allow components to be removed with one type of tool.",2
"The pump shall incorporate a torque brake mechanism(s) that shall limit the torque, in either direction at each output shaft.",2
The track assembly shall contain internal stops to limit the travel of the primary lock in the locked and unlatched positions.,2
"After either channel has been loaded, the other channel shall allow a data load, providing data loading criteria have been met.",2
The Generator construction shall allow the replacement of exciter diodes without the need for cutting and rebrazing of the leads.,2
The REU system shall be designed so that failures in one redundant item are prevented from propagating to a similar redundant item.,2
The pressure bypass valve shall allow oil to bypass the oil filter and flow through the cooling loop in the event of a plugged filter.,2
The generator shall provide protection to ensure output frequency does not exceed the abnormal frequency limits of requirement 3.3.1.3-3.,2
All aluminum and aluminum alloy surfaces shall require at least a chemical conversion coating or anodize treatment for corrosion protection.,2
"The control handle(s) shall be within the seat envelope as shown in drawing 232W3201 sheet 1, so as to be clear of interference with other controls or structure.",2
The Generator oil capacity shall allow at least 31 operating hours when the oil is at the minimum level without addition of oil when at the maximum allowable oil leakage rate of 13 c.c. per hour.,2
